SVC,QSVC,PEG_QSVC,EST_QNN,SAM_QNN
0.6,0.6,0,0.5666666666666667,0.5666666666666667
